date,section,row_name,count
03-28,age group,0 to 17,27
03-29,age group,0 to 17,34
03-30,age group,0 to 17,37
03-28,age group,18 to 40,674
03-29,age group,18 to 40,812
03-30,age group,18 to 40,918
03-28,age group,41 to 65,676
03-29,age group,41 to 65,797
03-30,age group,41 to 65,943
03-28,age group,over 65,343
03-29,age group,over 65,395
03-30,age group,over 65,467
03-28,city/community,city of agoura hills,9
03-29,city/community,city of agoura hills,9
03-30,city/community,city of agoura hills,9
03-28,city/community,city of alhambra,10
03-29,city/community,city of alhambra,10
03-30,city/community,city of alhambra,11
03-28,city/community,city of arcadia,8
03-29,city/community,city of arcadia,9
03-30,city/community,city of arcadia,9
03-28,city/community,city of artesia,0
03-29,city/community,city of artesia,0
03-30,city/community,city of artesia,0
03-28,city/community,city of avalon,0
03-29,city/community,city of avalon,0
03-30,city/community,city of avalon,0
03-28,city/community,city of azuza,1
03-29,city/community,city of azuza,2
03-30,city/community,city of azuza,3
03-28,city/community,city of baldwin park,0
03-29,city/community,city of baldwin park,0
03-30,city/community,city of baldwin park,0
03-28,city/community,city of bell,5
03-29,city/community,city of bell,6
03-30,city/community,city of bell,11
03-28,city/community,city of bell gardens,1
03-29,city/community,city of bell gardens,1
03-30,city/community,city of bell gardens,2
03-28,city/community,city of bellflower,12
03-29,city/community,city of bellflower,14
03-30,city/community,city of bellflower,17
03-28,city/community,city of beverly hills,21
03-29,city/community,city of beverly hills,24
03-30,city/community,city of beverly hills,28
03-28,city/community,city of bradbury,0
03-29,city/community,city of bradbury,0
03-30,city/community,city of bradbury,0
03-28,city/community,city of burbank,17
03-29,city/community,city of burbank,19
03-30,city/community,city of burbank,21
03-28,city/community,city of calabasas,10
03-29,city/community,city of calabasas,10
03-30,city/community,city of calabasas,11
03-28,city/community,city of carson,26
03-29,city/community,city of carson,28
03-30,city/community,city of carson,35
03-28,city/community,city of cerritos,1
03-29,city/community,city of cerritos,4
03-30,city/community,city of cerritos,5
03-28,city/community,city of claremont,1
03-29,city/community,city of claremont,1
03-30,city/community,city of claremont,1
03-28,city/community,city of commerce,0
03-29,city/community,city of commerce,0
03-30,city/community,city of commerce,0
03-28,city/community,city of compton,9
03-29,city/community,city of compton,11
03-30,city/community,city of compton,13
03-28,city/community,city of covina,3
03-29,city/community,city of covina,6
03-30,city/community,city of covina,8
03-28,city/community,city of cudahy,0
03-29,city/community,city of cudahy,0
03-30,city/community,city of cudahy,0
03-28,city/community,city of culver city,7
03-29,city/community,city of culver city,9
03-30,city/community,city of culver city,14
03-28,city/community,city of diamond bar,2
03-29,city/community,city of diamond bar,3
03-30,city/community,city of diamond bar,3
03-28,city/community,city of downey,18
03-29,city/community,city of downey,19
03-30,city/community,city of downey,25
03-28,city/community,city of duarte,0
03-29,city/community,city of duarte,0
03-30,city/community,city of duarte,0
03-28,city/community,city of el monte,0
03-29,city/community,city of el monte,0
03-30,city/community,city of el monte,1
03-28,city/community,city of el segundo,0
03-29,city/community,city of el segundo,0
03-30,city/community,city of el segundo,0
03-28,city/community,city of gardena,6
03-29,city/community,city of gardena,6
03-30,city/community,city of gardena,7
03-28,city/community,city of glendale,36
03-29,city/community,city of glendale,46
03-30,city/community,city of glendale,62
03-28,city/community,city of glendora,4
03-29,city/community,city of glendora,6
03-30,city/community,city of glendora,6
03-28,city/community,city of hawaiian gardens,0
03-29,city/community,city of hawaiian gardens,0
03-30,city/community,city of hawaiian gardens,0
03-28,city/community,city of hawthorne,11
03-29,city/community,city of hawthorne,11
03-30,city/community,city of hawthorne,13
03-28,city/community,city of hermosa beach,0
03-29,city/community,city of hermosa beach,6
03-30,city/community,city of hermosa beach,7
03-28,city/community,city of hidden hills,0
03-29,city/community,city of hidden hills,0
03-30,city/community,city of hidden hills,0
03-28,city/community,city of huntington park,2
03-29,city/community,city of huntington park,2
03-30,city/community,city of huntington park,4
03-28,city/community,city of industry,0
03-29,city/community,city of industry,0
03-30,city/community,city of industry,0
03-28,city/community,city of inglewood,14
03-29,city/community,city of inglewood,20
03-30,city/community,city of inglewood,26
03-28,city/community,city of irwindale,0
03-29,city/community,city of irwindale,0
03-30,city/community,city of irwindale,0
03-28,city/community,city of la canada flintridge,7
03-29,city/community,city of la canada flintridge,7
03-30,city/community,city of la canada flintridge,8
03-28,city/community,city of la habra heights,0
03-29,city/community,city of la habra heights,0
03-30,city/community,city of la habra heights,0
03-28,city/community,city of la mirada,6
03-29,city/community,city of la mirada,7
03-30,city/community,city of la mirada,7
03-28,city/community,city of la puente,2
03-29,city/community,city of la puente,3
03-30,city/community,city of la puente,3
03-28,city/community,city of la verne,1
03-29,city/community,city of la verne,1
03-30,city/community,city of la verne,2
03-28,city/community,city of lakewood,11
03-29,city/community,city of lakewood,12
03-30,city/community,city of lakewood,13
03-28,city/community,city of lancaster,19
03-29,city/community,city of lancaster,23
03-30,city/community,city of lancaster,27
03-28,city/community,city of lawndale,3
03-29,city/community,city of lawndale,4
03-30,city/community,city of lawndale,4
03-28,city/community,city of lomita,0
03-29,city/community,city of lomita,0
03-30,city/community,city of lomita,0
03-28,city/community,city of long beach,0
03-29,city/community,city of long beach,0
03-30,city/community,city of long beach,0
03-28,city/community,city of los angeles,839
03-29,city/community,city of los angeles,1020
03-30,city/community,city of los angeles,1171
03-28,city/community,city of lynwood,13
03-29,city/community,city of lynwood,14
03-30,city/community,city of lynwood,16
03-28,city/community,city of malibu,0
03-29,city/community,city of malibu,0
03-30,city/community,city of malibu,0
03-28,city/community,city of manhattan beach,23
03-29,city/community,city of manhattan beach,27
03-30,city/community,city of manhattan beach,31
03-28,city/community,city of maywood,2
03-29,city/community,city of maywood,4
03-30,city/community,city of maywood,5
03-28,city/community,city of monrovia,4
03-29,city/community,city of monrovia,4
03-30,city/community,city of monrovia,4
03-28,city/community,city of montebello,3
03-29,city/community,city of montebello,4
03-30,city/community,city of montebello,4
03-28,city/community,city of monterey park,5
03-29,city/community,city of monterey park,5
03-30,city/community,city of monterey park,5
03-28,city/community,city of norwalk,12
03-29,city/community,city of norwalk,12
03-30,city/community,city of norwalk,15
03-28,city/community,city of palmdale,6
03-29,city/community,city of palmdale,7
03-30,city/community,city of palmdale,9
03-28,city/community,city of palos verdes estates,14
03-29,city/community,city of palos verdes estates,14
03-30,city/community,city of palos verdes estates,14
03-28,city/community,city of paramount,5
03-29,city/community,city of paramount,6
03-30,city/community,city of paramount,7
03-28,city/community,city of pasadena,0
03-29,city/community,city of pasadena,0
03-30,city/community,city of pasadena,0
03-28,city/community,city of pico rivera,5
03-29,city/community,city of pico rivera,5
03-30,city/community,city of pico rivera,6
03-28,city/community,city of pomona,4
03-29,city/community,city of pomona,4
03-30,city/community,city of pomona,5
03-28,city/community,city of rancho palos verdes,8
03-29,city/community,city of rancho palos verdes,8
03-30,city/community,city of rancho palos verdes,10
03-28,city/community,city of redondo beach,24
03-29,city/community,city of redondo beach,29
03-30,city/community,city of redondo beach,34
03-28,city/community,city of rolling hills,0
03-29,city/community,city of rolling hills,0
03-30,city/community,city of rolling hills,0
03-28,city/community,city of rolling hills estates,0
03-29,city/community,city of rolling hills estates,0
03-30,city/community,city of rolling hills estates,0
03-28,city/community,city of rosemead,1
03-29,city/community,city of rosemead,2
03-30,city/community,city of rosemead,2
03-28,city/community,city of san dimas,2
03-29,city/community,city of san dimas,3
03-30,city/community,city of san dimas,3
03-28,city/community,city of san fernando,0
03-29,city/community,city of san fernando,0
03-30,city/community,city of san fernando,0
03-28,city/community,city of san gabriel,6
03-29,city/community,city of san gabriel,6
03-30,city/community,city of san gabriel,6
03-28,city/community,city of san marino,0
03-29,city/community,city of san marino,0
03-30,city/community,city of san marino,0
03-28,city/community,city of santa clarita,32
03-29,city/community,city of santa clarita,38
03-30,city/community,city of santa clarita,41
03-28,city/community,city of santa fe springs,0
03-29,city/community,city of santa fe springs,0
03-30,city/community,city of santa fe springs,0
03-28,city/community,city of santa monica,38
03-29,city/community,city of santa monica,41
03-30,city/community,city of santa monica,47
03-28,city/community,city of sierra madre,0
03-29,city/community,city of sierra madre,0
03-30,city/community,city of sierra madre,0
03-28,city/community,city of signal hill,0
03-29,city/community,city of signal hill,0
03-30,city/community,city of signal hill,0
03-28,city/community,city of south el monte,0
03-29,city/community,city of south el monte,0
03-30,city/community,city of south el monte,0
03-28,city/community,city of south gate,11
03-29,city/community,city of south gate,12
03-30,city/community,city of south gate,14
03-28,city/community,city of south pasadena,3
03-29,city/community,city of south pasadena,5
03-30,city/community,city of south pasadena,5
03-28,city/community,city of temple city,1
03-29,city/community,city of temple city,2
03-30,city/community,city of temple city,1
03-28,city/community,city of torrance,32
03-29,city/community,city of torrance,34
03-30,city/community,city of torrance,43
03-28,city/community,city of vernon,0
03-29,city/community,city of vernon,0
03-30,city/community,city of vernon,0
03-28,city/community,city of walnut,2
03-29,city/community,city of walnut,3
03-30,city/community,city of walnut,3
03-28,city/community,city of west covina,5
03-29,city/community,city of west covina,6
03-30,city/community,city of west covina,7
03-28,city/community,city of west hollywood,50
03-29,city/community,city of west hollywood,52
03-30,city/community,city of west hollywood,53
03-28,city/community,city of westlake village,0
03-29,city/community,city of westlake village,0
03-30,city/community,city of westlake village,0
03-28,city/community,city of whittier,6
03-29,city/community,city of whittier,8
03-30,city/community,city of whittier,8
03-28,city/community,los angeles - adams-normandie,0
03-29,city/community,los angeles - adams-normandie,0
03-30,city/community,los angeles - adams-normandie,0
03-28,city/community,los angeles - alsace,0
03-29,city/community,los angeles - alsace,0
03-30,city/community,los angeles - alsace,0
03-28,city/community,los angeles - angeles national forest,0
03-29,city/community,los angeles - angeles national forest,0
03-30,city/community,los angeles - angeles national forest,0
03-28,city/community,los angeles - angelino heights,0
03-29,city/community,los angeles - angelino heights,0
03-30,city/community,los angeles - angelino heights,0
03-29,city/community,los angeles - arleta,5
03-30,city/community,los angeles - arleta,5
03-28,city/community,los angeles - atwater village,0
03-29,city/community,los angeles - atwater village,0
03-30,city/community,los angeles - atwater village,0
03-28,city/community,los angeles - baldwin hills,7
03-29,city/community,los angeles - baldwin hills,9
03-30,city/community,los angeles - baldwin hills,9
03-28,city/community,los angeles - bel air,8
03-29,city/community,los angeles - bel air,9
03-30,city/community,los angeles - bel air,9
03-28,city/community,los angeles - beverly crest,17
03-29,city/community,los angeles - beverly crest,18
03-30,city/community,los angeles - beverly crest,19
03-28,city/community,los angeles - beverlywood,10
03-29,city/community,los angeles - beverlywood,11
03-30,city/community,los angeles - beverlywood,11
03-28,city/community,los angeles - boyle heights,8
03-29,city/community,los angeles - boyle heights,10
03-30,city/community,los angeles - boyle heights,11
03-28,city/community,los angeles - brentwood,31
03-29,city/community,los angeles - brentwood,33
03-30,city/community,los angeles - brentwood,34
03-28,city/community,los angeles - brookside,0
03-29,city/community,los angeles - brookside,0
03-30,city/community,los angeles - brookside,0
03-28,city/community,los angeles - cadillac-corning,0
03-29,city/community,los angeles - cadillac-corning,0
03-30,city/community,los angeles - cadillac-corning,0
03-28,city/community,los angeles - canoga park,3
03-29,city/community,los angeles - canoga park,3
03-30,city/community,los angeles - canoga park,4
03-28,city/community,los angeles - carthay,9
03-29,city/community,los angeles - carthay,13
03-30,city/community,los angeles - carthay,15
03-28,city/community,los angeles - central,3
03-29,city/community,los angeles - central,4
03-30,city/community,los angeles - central,6
03-28,city/community,los angeles - century city,8
03-29,city/community,los angeles - century city,8
03-30,city/community,los angeles - century city,9
03-28,city/community,los angeles - century palms/cove,5
03-29,city/community,los angeles - century palms/cove,8
03-30,city/community,los angeles - century palms/cove,8
03-28,city/community,los angeles - chatsworth,4
03-29,city/community,los angeles - chatsworth,8
03-30,city/community,los angeles - chatsworth,10
03-28,city/community,los angeles - cheviot hills,0
03-29,city/community,los angeles - cheviot hills,0
03-30,city/community,los angeles - cheviot hills,5
03-28,city/community,los angeles - chinatown,0
03-29,city/community,los angeles - chinatown,0
03-30,city/community,los angeles - chinatown,0
03-28,city/community,los angeles - cloverdale/cochran,0
03-29,city/community,los angeles - cloverdale/cochran,0
03-30,city/community,los angeles - cloverdale/cochran,0
03-28,city/community,los angeles - country club park,0
03-29,city/community,los angeles - country club park,0
03-30,city/community,los angeles - country club park,0
03-28,city/community,los angeles - crenshaw district,0
03-29,city/community,los angeles - crenshaw district,0
03-30,city/community,los angeles - crenshaw district,0
03-28,city/community,los angeles - crestview,9
03-29,city/community,los angeles - crestview,11
03-30,city/community,los angeles - crestview,13
03-28,city/community,los angeles - del rey,10
03-29,city/community,los angeles - del rey,12
03-30,city/community,los angeles - del rey,14
03-28,city/community,los angeles - downtown,9
03-29,city/community,los angeles - downtown,10
03-30,city/community,los angeles - downtown,11
03-28,city/community,los angeles - eagle rock,8
03-29,city/community,los angeles - eagle rock,8
03-30,city/community,los angeles - eagle rock,8
03-28,city/community,los angeles - east hollywood,5
03-29,city/community,los angeles - east hollywood,6
03-30,city/community,los angeles - east hollywood,10
03-28,city/community,los angeles - echo park,0
03-29,city/community,los angeles - echo park,0
03-30,city/community,los angeles - echo park,5
03-28,city/community,los angeles - el sereno,1
03-29,city/community,los angeles - el sereno,3
03-30,city/community,los angeles - el sereno,3
03-28,city/community,los angeles - elysian park,0
03-29,city/community,los angeles - elysian park,0
03-30,city/community,los angeles - elysian park,0
03-28,city/community,los angeles - elysian valley,0
03-29,city/community,los angeles - elysian valley,0
03-30,city/community,los angeles - elysian valley,0
03-28,city/community,los angeles - encino,26
03-29,city/community,los angeles - encino,27
03-30,city/community,los angeles - encino,29
03-28,city/community,los angeles - exposition,0
03-29,city/community,los angeles - exposition,0
03-30,city/community,los angeles - exposition,0
03-28,city/community,los angeles - exposition park,4
03-29,city/community,los angeles - exposition park,4
03-30,city/community,los angeles - exposition park,4
03-28,city/community,los angeles - faircrest heights,0
03-29,city/community,los angeles - faircrest heights,0
03-30,city/community,los angeles - faircrest heights,0
03-28,city/community,los angeles - figueroa park square,0
03-29,city/community,los angeles - figueroa park square,0
03-30,city/community,los angeles - figueroa park square,0
03-28,city/community,los angeles - florence-firestone,6
03-29,city/community,los angeles - florence-firestone,6
03-30,city/community,los angeles - florence-firestone,7
03-28,city/community,los angeles - glassell park,7
03-29,city/community,los angeles - glassell park,7
03-30,city/community,los angeles - glassell park,8
03-28,city/community,los angeles - gramercy place,0
03-29,city/community,los angeles - gramercy place,0
03-30,city/community,los angeles - gramercy place,0
03-28,city/community,los angeles - granada hills,8
03-29,city/community,los angeles - granada hills,8
03-30,city/community,los angeles - granada hills,9
03-28,city/community,los angeles - green meadows,0
03-29,city/community,los angeles - green meadows,0
03-30,city/community,los angeles - green meadows,0
03-28,city/community,los angeles - hancock park,17
03-29,city/community,los angeles - hancock park,18
03-30,city/community,los angeles - hancock park,26
03-28,city/community,los angeles - harbor city,1
03-29,city/community,los angeles - harbor city,2
03-30,city/community,los angeles - harbor city,4
03-28,city/community,los angeles - harbor gateway,4
03-29,city/community,los angeles - harbor gateway,4
03-30,city/community,los angeles - harbor gateway,6
03-28,city/community,los angeles - harbor pines,0
03-29,city/community,los angeles - harbor pines,0
03-30,city/community,los angeles - harbor pines,0
03-28,city/community,los angeles - harvard heights,0
03-29,city/community,los angeles - harvard heights,0
03-30,city/community,los angeles - harvard heights,0
03-28,city/community,los angeles - harvard park,2
03-29,city/community,los angeles - harvard park,2
03-30,city/community,los angeles - harvard park,3
03-28,city/community,los angeles - highland park,6
03-29,city/community,los angeles - highland park,8
03-30,city/community,los angeles - highland park,9
03-28,city/community,los angeles - historic filipinotown,0
03-29,city/community,los angeles - historic filipinotown,0
03-30,city/community,los angeles - historic filipinotown,0
03-28,city/community,los angeles - hollywood,38
03-29,city/community,los angeles - hollywood,44
03-30,city/community,los angeles - hollywood,49
03-28,city/community,los angeles - hollywood hills,23
03-29,city/community,los angeles - hollywood hills,24
03-30,city/community,los angeles - hollywood hills,26
03-28,city/community,los angeles - hyde park,2
03-29,city/community,los angeles - hyde park,4
03-30,city/community,los angeles - hyde park,6
03-28,city/community,los angeles - jefferson park,0
03-29,city/community,los angeles - jefferson park,0
03-30,city/community,los angeles - jefferson park,0
03-28,city/community,los angeles - koreatown,10
03-29,city/community,los angeles - koreatown,10
03-30,city/community,los angeles - koreatown,13
03-28,city/community,los angeles - lafayette square,0
03-29,city/community,los angeles - lafayette square,0
03-30,city/community,los angeles - lafayette square,0
03-28,city/community,los angeles - lake balboa,6
03-29,city/community,los angeles - lake balboa,8
03-30,city/community,los angeles - lake balboa,11
03-28,city/community,los angeles - lakeview terrace,0
03-29,city/community,los angeles - lakeview terrace,0
03-30,city/community,los angeles - lakeview terrace,0
03-28,city/community,los angeles - leimert park,0
03-29,city/community,los angeles - leimert park,0
03-30,city/community,los angeles - leimert park,0
03-28,city/community,los angeles - lincoln heights,1
03-29,city/community,los angeles - lincoln heights,2
03-30,city/community,los angeles - lincoln heights,2
03-28,city/community,los angeles - little armenia,0
03-29,city/community,los angeles - little armenia,0
03-30,city/community,los angeles - little armenia,0
03-28,city/community,los angeles - little bangladesh,2
03-29,city/community,los angeles - little bangladesh,4
03-30,city/community,los angeles - little bangladesh,5
03-28,city/community,los angeles - little tokyo,0
03-29,city/community,los angeles - little tokyo,0
03-30,city/community,los angeles - little tokyo,0
03-28,city/community,los angeles - longwood,0
03-29,city/community,los angeles - longwood,0
03-30,city/community,los angeles - longwood,0
03-28,city/community,los angeles - los feliz,5
03-29,city/community,los angeles - los feliz,8
03-30,city/community,los angeles - los feliz,11
03-28,city/community,los angeles - manchester square,0
03-29,city/community,los angeles - manchester square,0
03-30,city/community,los angeles - manchester square,0
03-28,city/community,los angeles - mandeville canyon,0
03-29,city/community,los angeles - mandeville canyon,0
03-30,city/community,los angeles - mandeville canyon,0
03-28,city/community,los angeles - mar vista,8
03-29,city/community,los angeles - mar vista,9
03-30,city/community,los angeles - mar vista,13
03-28,city/community,los angeles - marina peninsula,0
03-29,city/community,los angeles - marina peninsula,0
03-30,city/community,los angeles - marina peninsula,0
03-28,city/community,los angeles - melrose,56
03-29,city/community,los angeles - melrose,71
03-30,city/community,los angeles - melrose,82
03-28,city/community,los angeles - mid-city,8
03-29,city/community,los angeles - mid-city,9
03-30,city/community,los angeles - mid-city,10
03-28,city/community,los angeles - miracle mile,8
03-29,city/community,los angeles - miracle mile,9
03-30,city/community,los angeles - miracle mile,10
03-28,city/community,los angeles - mission hills,5
03-29,city/community,los angeles - mission hills,5
03-30,city/community,los angeles - mission hills,6
03-28,city/community,los angeles - mt. washington,0
03-29,city/community,los angeles - mt. washington,0
03-30,city/community,los angeles - mt. washington,0
03-28,city/community,los angeles - north hills,2
03-29,city/community,los angeles - north hills,6
03-30,city/community,los angeles - north hills,7
03-28,city/community,los angeles - north hollywood,26
03-29,city/community,los angeles - north hollywood,30
03-30,city/community,los angeles - north hollywood,34
03-28,city/community,los angeles - northridge,8
03-29,city/community,los angeles - northridge,8
03-30,city/community,los angeles - northridge,8
03-28,city/community,los angeles - pacific palisades,11
03-29,city/community,los angeles - pacific palisades,15
03-30,city/community,los angeles - pacific palisades,18
03-28,city/community,los angeles - pacoima,3
03-29,city/community,los angeles - pacoima,3
03-30,city/community,los angeles - pacoima,4
03-28,city/community,los angeles - palisades highlands,0
03-29,city/community,los angeles - palisades highlands,0
03-30,city/community,los angeles - palisades highlands,0
03-28,city/community,los angeles - palms,15
03-29,city/community,los angeles - palms,20
03-30,city/community,los angeles - palms,21
03-28,city/community,los angeles - panorama city,4
03-29,city/community,los angeles - panorama city,6
03-30,city/community,los angeles - panorama city,7
03-28,city/community,los angeles - park la brea,0
03-29,city/community,los angeles - park la brea,0
03-30,city/community,los angeles - park la brea,0
03-28,city/community,los angeles - pico-union,4
03-29,city/community,los angeles - pico-union,4
03-30,city/community,los angeles - pico-union,5
03-28,city/community,los angeles - playa del rey,0
03-29,city/community,los angeles - playa del rey,0
03-30,city/community,los angeles - playa del rey,0
03-28,city/community,los angeles - playa vista,5
03-29,city/community,los angeles - playa vista,5
03-30,city/community,los angeles - playa vista,5
03-28,city/community,los angeles - porter ranch,3
03-29,city/community,los angeles - porter ranch,6
03-30,city/community,los angeles - porter ranch,6
03-28,city/community,los angeles - rancho park,0
03-29,city/community,los angeles - rancho park,0
03-30,city/community,los angeles - rancho park,0
03-28,city/community,los angeles - regent square,0
03-29,city/community,los angeles - regent square,0
03-30,city/community,los angeles - regent square,0
03-28,city/community,los angeles - reseda,11
03-29,city/community,los angeles - reseda,13
03-30,city/community,los angeles - reseda,20
03-28,city/community,los angeles - reseda ranch,0
03-29,city/community,los angeles - reseda ranch,0
03-30,city/community,los angeles - reseda ranch,0
03-28,city/community,los angeles - reynier village,0
03-29,city/community,los angeles - reynier village,0
03-30,city/community,los angeles - reynier village,0
03-28,city/community,los angeles - san pedro,9
03-29,city/community,los angeles - san pedro,10
03-30,city/community,los angeles - san pedro,11
03-28,city/community,los angeles - shadow hills,0
03-29,city/community,los angeles - shadow hills,0
03-30,city/community,los angeles - shadow hills,0
03-28,city/community,los angeles - sherman oaks,25
03-29,city/community,los angeles - sherman oaks,27
03-30,city/community,los angeles - sherman oaks,32
03-28,city/community,los angeles - silverlake,14
03-29,city/community,los angeles - silverlake,16
03-30,city/community,los angeles - silverlake,18
03-28,city/community,los angeles - south carthay,5
03-29,city/community,los angeles - south carthay,6
03-30,city/community,los angeles - south carthay,8
03-28,city/community,los angeles - south park,4
03-29,city/community,los angeles - south park,4
03-30,city/community,los angeles - south park,4
03-28,city/community,los angeles - st elmo village,0
03-29,city/community,los angeles - st elmo village,0
03-30,city/community,los angeles - st elmo village,0
03-28,city/community,los angeles - studio city,10
03-29,city/community,los angeles - studio city,14
03-30,city/community,los angeles - studio city,15
03-28,city/community,los angeles - sun valley,5
03-29,city/community,los angeles - sun valley,6
03-30,city/community,los angeles - sun valley,6
03-28,city/community,los angeles - sunland,0
03-29,city/community,los angeles - sunland,0
03-30,city/community,los angeles - sunland,0
03-28,city/community,los angeles - sycamore square,0
03-29,city/community,los angeles - sycamore square,0
03-30,city/community,los angeles - sycamore square,0
03-28,city/community,los angeles - sylmar,8
03-29,city/community,los angeles - sylmar,15
03-30,city/community,los angeles - sylmar,18
03-29,city/community,los angeles - tarzana,23
03-30,city/community,los angeles - tarzana,24
03-28,city/community,los angeles - temple-beaudry,5
03-29,city/community,los angeles - temple-beaudry,5
03-30,city/community,los angeles - temple-beaudry,8
03-28,city/community,los angeles - thai town,0
03-29,city/community,los angeles - thai town,0
03-30,city/community,los angeles - thai town,0
03-28,city/community,los angeles - toluca lake,0
03-29,city/community,los angeles - toluca lake,0
03-30,city/community,los angeles - toluca lake,0
03-28,city/community,los angeles - toluca terrace,0
03-29,city/community,los angeles - toluca terrace,0
03-30,city/community,los angeles - toluca terrace,0
03-28,city/community,los angeles - toluca woods,0
03-29,city/community,los angeles - toluca woods,0
03-30,city/community,los angeles - toluca woods,0
03-28,city/community,los angeles - tujunga,2
03-29,city/community,los angeles - tujunga,3
03-30,city/community,los angeles - tujunga,4
03-28,city/community,los angeles - university hills,0
03-29,city/community,los angeles - university hills,0
03-30,city/community,los angeles - university hills,0
03-28,city/community,los angeles - university park,5
03-29,city/community,los angeles - university park,5
03-30,city/community,los angeles - university park,6
03-28,city/community,los angeles - valley glen,3
03-29,city/community,los angeles - valley glen,4
03-30,city/community,los angeles - valley glen,4
03-28,city/community,los angeles - valley village,14
03-29,city/community,los angeles - valley village,18
03-30,city/community,los angeles - valley village,19
03-28,city/community,los angeles - van nuys,6
03-29,city/community,los angeles - van nuys,7
03-30,city/community,los angeles - van nuys,10
03-28,city/community,los angeles - venice,13
03-29,city/community,los angeles - venice,17
03-30,city/community,los angeles - venice,18
03-28,city/community,los angeles - vermont knolls,0
03-29,city/community,los angeles - vermont knolls,0
03-30,city/community,los angeles - vermont knolls,0
03-28,city/community,los angeles - vermont square,0
03-29,city/community,los angeles - vermont square,0
03-30,city/community,los angeles - vermont square,0
03-28,city/community,los angeles - vermont vista,3
03-29,city/community,los angeles - vermont vista,5
03-30,city/community,los angeles - vermont vista,5
03-28,city/community,los angeles - vernon central,3
03-29,city/community,los angeles - vernon central,3
03-30,city/community,los angeles - vernon central,4
03-28,city/community,los angeles - victoria park,0
03-29,city/community,los angeles - victoria park,0
03-30,city/community,los angeles - victoria park,0
03-28,city/community,los angeles - view heights,0
03-29,city/community,los angeles - view heights,0
03-30,city/community,los angeles - view heights,0
03-28,city/community,los angeles - watts,1
03-29,city/community,los angeles - watts,2
03-30,city/community,los angeles - watts,2
03-28,city/community,los angeles - wellington square,0
03-29,city/community,los angeles - wellington square,0
03-30,city/community,los angeles - wellington square,0
03-28,city/community,los angeles - west adams,7
03-29,city/community,los angeles - west adams,7
03-30,city/community,los angeles - west adams,9
03-28,city/community,los angeles - west hills,5
03-29,city/community,los angeles - west hills,6
03-30,city/community,los angeles - west hills,7
03-28,city/community,los angeles - west los angeles,13
03-29,city/community,los angeles - west los angeles,18
03-30,city/community,los angeles - west los angeles,19
03-28,city/community,los angeles - west vernon,8
03-29,city/community,los angeles - west vernon,8
03-30,city/community,los angeles - west vernon,9
03-28,city/community,los angeles - westchester,12
03-29,city/community,los angeles - westchester,17
03-30,city/community,los angeles - westchester,17
03-28,city/community,los angeles - westlake,2
03-29,city/community,los angeles - westlake,5
03-30,city/community,los angeles - westlake,7
03-28,city/community,los angeles - westwood,17
03-29,city/community,los angeles - westwood,22
03-30,city/community,los angeles - westwood,26
03-28,city/community,los angeles - wholesale district,11
03-29,city/community,los angeles - wholesale district,12
03-30,city/community,los angeles - wholesale district,10
03-28,city/community,los angeles - wilmington,7
03-29,city/community,los angeles - wilmington,10
03-30,city/community,los angeles - wilmington,10
03-28,city/community,los angeles - wilshire center,4
03-29,city/community,los angeles - wilshire center,5
03-30,city/community,los angeles - wilshire center,8
03-28,city/community,los angeles - winnetka,8
03-29,city/community,los angeles - winnetka,9
03-30,city/community,los angeles - winnetka,9
03-28,city/community,los angeles - woodland hills,18
03-29,city/community,los angeles - woodland hills,19
03-30,city/community,los angeles - woodland hills,22
03-28,city/community,unincorporated - acton,0
03-29,city/community,unincorporated - acton,0
03-30,city/community,unincorporated - acton,0
03-28,city/community,unincorporated - agua dulce,0
03-29,city/community,unincorporated - agua dulce,0
03-30,city/community,unincorporated - agua dulce,0
03-28,city/community,unincorporated - altadena,10
03-29,city/community,unincorporated - altadena,10
03-30,city/community,unincorporated - altadena,10
03-28,city/community,unincorporated - anaverde,0
03-29,city/community,unincorporated - anaverde,0
03-30,city/community,unincorporated - anaverde,0
03-28,city/community,unincorporated - angeles national forest,0
03-29,city/community,unincorporated - angeles national forest,0
03-30,city/community,unincorporated - angeles national forest,0
03-28,city/community,unincorporated - arcadia,0
03-29,city/community,unincorporated - arcadia,0
03-30,city/community,unincorporated - arcadia,0
03-28,city/community,unincorporated - athens village,0
03-29,city/community,unincorporated - athens village,0
03-30,city/community,unincorporated - athens village,0
03-28,city/community,unincorporated - athens-westmont,7
03-29,city/community,unincorporated - athens-westmont,7
03-30,city/community,unincorporated - athens-westmont,7
03-28,city/community,unincorporated - avocado heights,0
03-29,city/community,unincorporated - avocado heights,0
03-30,city/community,unincorporated - avocado heights,0
03-28,city/community,unincorporated - azusa,0
03-29,city/community,unincorporated - azusa,0
03-30,city/community,unincorporated - azusa,0
03-28,city/community,unincorporated - bassett,0
03-29,city/community,unincorporated - bassett,0
03-30,city/community,unincorporated - bassett,0
03-28,city/community,unincorporated - bouquet canyon,0
03-29,city/community,unincorporated - bouquet canyon,0
03-30,city/community,unincorporated - bouquet canyon,0
03-28,city/community,unincorporated - bradbury,0
03-29,city/community,unincorporated - bradbury,0
03-30,city/community,unincorporated - bradbury,0
03-28,city/community,unincorporated - canyon country,0
03-29,city/community,unincorporated - canyon country,0
03-30,city/community,unincorporated - canyon country,0
03-28,city/community,unincorporated - castaic,4
03-29,city/community,unincorporated - castaic,4
03-30,city/community,unincorporated - castaic,3
03-28,city/community,unincorporated - cerritos,0
03-29,city/community,unincorporated - cerritos,0
03-30,city/community,unincorporated - cerritos,0
03-28,city/community,unincorporated - claremont,0
03-29,city/community,unincorporated - claremont,0
03-30,city/community,unincorporated - claremont,0
03-28,city/community,unincorporated - covina,0
03-29,city/community,unincorporated - covina,0
03-30,city/community,unincorporated - covina,0
03-28,city/community,unincorporated - covina (charter oak),0
03-29,city/community,unincorporated - covina (charter oak),0
03-30,city/community,unincorporated - covina (charter oak),0
03-28,city/community,unincorporated - del aire,0
03-29,city/community,unincorporated - del aire,0
03-30,city/community,unincorporated - del aire,0
03-28,city/community,unincorporated - del rey,0
03-29,city/community,unincorporated - del rey,0
03-30,city/community,unincorporated - del rey,0
03-28,city/community,unincorporated - del sur,0
03-29,city/community,unincorporated - del sur,0
03-30,city/community,unincorporated - del sur,0
03-28,city/community,unincorporated - desert view highlands,0
03-29,city/community,unincorporated - desert view highlands,0
03-30,city/community,unincorporated - desert view highlands,0
03-28,city/community,unincorporated - duarte,0
03-29,city/community,unincorporated - duarte,0
03-30,city/community,unincorporated - duarte,0
03-28,city/community,unincorporated - east covina,0
03-29,city/community,unincorporated - east covina,0
03-30,city/community,unincorporated - east covina,0
03-28,city/community,unincorporated - east la mirada,0
03-29,city/community,unincorporated - east la mirada,0
03-30,city/community,unincorporated - east la mirada,0
03-28,city/community,unincorporated - east lancaster,0
03-29,city/community,unincorporated - east lancaster,0
03-30,city/community,unincorporated - east lancaster,0
03-28,city/community,unincorporated - east los angeles,8
03-29,city/community,unincorporated - east los angeles,9
03-30,city/community,unincorporated - east los angeles,11
03-28,city/community,unincorporated - east pasadena,0
03-29,city/community,unincorporated - east pasadena,0
03-30,city/community,unincorporated - east pasadena,0
03-28,city/community,unincorporated - east rancho dominguez,0
03-29,city/community,unincorporated - east rancho dominguez,0
03-30,city/community,unincorporated - east rancho dominguez,0
03-28,city/community,unincorporated - east whittier,0
03-29,city/community,unincorporated - east whittier,0
03-30,city/community,unincorporated - east whittier,0
03-28,city/community,unincorporated - el camino village,0
03-29,city/community,unincorporated - el camino village,0
03-30,city/community,unincorporated - el camino village,0
03-28,city/community,unincorporated - el monte,0
03-29,city/community,unincorporated - el monte,0
03-30,city/community,unincorporated - el monte,0
03-28,city/community,unincorporated - elizabeth lake,0
03-29,city/community,unincorporated - elizabeth lake,0
03-30,city/community,unincorporated - elizabeth lake,0
03-28,city/community,unincorporated - florence-firestone,0
03-29,city/community,unincorporated - florence-firestone,0
03-30,city/community,unincorporated - florence-firestone,0
03-28,city/community,unincorporated - glendora,0
03-29,city/community,unincorporated - glendora,0
03-30,city/community,unincorporated - glendora,0
03-28,city/community,unincorporated - hacienda heights,2
03-29,city/community,unincorporated - hacienda heights,2
03-30,city/community,unincorporated - hacienda heights,2
03-28,city/community,unincorporated - hawthorne,0
03-29,city/community,unincorporated - hawthorne,0
03-30,city/community,unincorporated - hawthorne,0
03-28,city/community,unincorporated - hi vista,0
03-29,city/community,unincorporated - hi vista,0
03-30,city/community,unincorporated - hi vista,0
03-28,city/community,unincorporated - kagel/lopez canyons,0
03-29,city/community,unincorporated - kagel/lopez canyons,0
03-30,city/community,unincorporated - kagel/lopez canyons,0
03-28,city/community,unincorporated - la crescenta-montrose,0
03-29,city/community,unincorporated - la crescenta-montrose,0
03-30,city/community,unincorporated - la crescenta-montrose,0
03-28,city/community,unincorporated - la habra heights,0
03-29,city/community,unincorporated - la habra heights,0
03-30,city/community,unincorporated - la habra heights,0
03-28,city/community,unincorporated - la rambla,0
03-29,city/community,unincorporated - la rambla,0
03-30,city/community,unincorporated - la rambla,0
03-28,city/community,unincorporated - la verne,0
03-29,city/community,unincorporated - la verne,0
03-30,city/community,unincorporated - la verne,0
03-28,city/community,unincorporated - ladera heights,0
03-29,city/community,unincorporated - ladera heights,0
03-30,city/community,unincorporated - ladera heights,0
03-28,city/community,unincorporated - lake hughes,0
03-29,city/community,unincorporated - lake hughes,0
03-30,city/community,unincorporated - lake hughes,0
03-28,city/community,unincorporated - lake los angeles,0
03-29,city/community,unincorporated - lake los angeles,0
03-30,city/community,unincorporated - lake los angeles,0
03-28,city/community,unincorporated - lake manor,0
03-29,city/community,unincorporated - lake manor,0
03-30,city/community,unincorporated - lake manor,0
03-28,city/community,unincorporated - lakewood,0
03-29,city/community,unincorporated - lakewood,0
03-30,city/community,unincorporated - lakewood,0
03-28,city/community,unincorporated - lennox,0
03-29,city/community,unincorporated - lennox,5
03-30,city/community,unincorporated - lennox,7
03-28,city/community,unincorporated - leona valley,0
03-29,city/community,unincorporated - leona valley,0
03-30,city/community,unincorporated - leona valley,0
03-28,city/community,unincorporated - littlerock,0
03-29,city/community,unincorporated - littlerock,0
03-30,city/community,unincorporated - littlerock,0
03-28,city/community,unincorporated - littlerock/juniper hills,0
03-29,city/community,unincorporated - littlerock/juniper hills,0
03-30,city/community,unincorporated - littlerock/juniper hills,0
03-28,city/community,unincorporated - littlerock/pearblossom,0
03-29,city/community,unincorporated - littlerock/pearblossom,0
03-30,city/community,unincorporated - littlerock/pearblossom,0
03-28,city/community,unincorporated - llano,0
03-29,city/community,unincorporated - llano,0
03-30,city/community,unincorporated - llano,0
03-28,city/community,unincorporated - long beach,0
03-29,city/community,unincorporated - long beach,0
03-30,city/community,unincorporated - long beach,0
03-28,city/community,unincorporated - marina del rey,0
03-29,city/community,unincorporated - marina del rey,0
03-30,city/community,unincorporated - marina del rey,0
03-28,city/community,unincorporated - monrovia,0
03-29,city/community,unincorporated - monrovia,0
03-30,city/community,unincorporated - monrovia,0
03-28,city/community,unincorporated - newhall,0
03-29,city/community,unincorporated - newhall,0
03-30,city/community,unincorporated - newhall,0
03-28,city/community,unincorporated - north lancaster,0
03-29,city/community,unincorporated - north lancaster,0
03-30,city/community,unincorporated - north lancaster,0
03-28,city/community,unincorporated - north whittier,0
03-29,city/community,unincorporated - north whittier,0
03-30,city/community,unincorporated - north whittier,0
03-28,city/community,unincorporated - northeast san gabriel,0
03-29,city/community,unincorporated - northeast san gabriel,0
03-30,city/community,unincorporated - northeast san gabriel,0
03-28,city/community,unincorporated - padua hills,0
03-29,city/community,unincorporated - padua hills,0
03-30,city/community,unincorporated - padua hills,0
03-28,city/community,unincorporated - palmdale,0
03-29,city/community,unincorporated - palmdale,0
03-30,city/community,unincorporated - palmdale,0
03-28,city/community,unincorporated - palos verdes peninsula,0
03-29,city/community,unincorporated - palos verdes peninsula,0
03-30,city/community,unincorporated - palos verdes peninsula,0
03-28,city/community,unincorporated - pearblossom/llano,0
03-29,city/community,unincorporated - pearblossom/llano,0
03-30,city/community,unincorporated - pearblossom/llano,0
03-28,city/community,unincorporated - pellissier village,0
03-29,city/community,unincorporated - pellissier village,0
03-30,city/community,unincorporated - pellissier village,0
03-28,city/community,unincorporated - placerita canyon,0
03-29,city/community,unincorporated - placerita canyon,0
03-30,city/community,unincorporated - placerita canyon,0
03-28,city/community,unincorporated - pomona,0
03-29,city/community,unincorporated - pomona,0
03-30,city/community,unincorporated - pomona,0
03-28,city/community,unincorporated - quartz hill,0
03-29,city/community,unincorporated - quartz hill,0
03-30,city/community,unincorporated - quartz hill,0
03-28,city/community,unincorporated - rancho dominguez,0
03-29,city/community,unincorporated - rancho dominguez,0
03-30,city/community,unincorporated - rancho dominguez,0
03-28,city/community,unincorporated - roosevelt,0
03-29,city/community,unincorporated - roosevelt,0
03-30,city/community,unincorporated - roosevelt,0
03-28,city/community,unincorporated - rosewood,0
03-29,city/community,unincorporated - rosewood,0
03-30,city/community,unincorporated - rosewood,0
03-28,city/community,unincorporated - rosewood/east gardena,0
03-29,city/community,unincorporated - rosewood/east gardena,0
03-30,city/community,unincorporated - rosewood/east gardena,0
03-28,city/community,unincorporated - rosewood/west rancho dominguez,0
03-29,city/community,unincorporated - rosewood/west rancho dominguez,0
03-30,city/community,unincorporated - rosewood/west rancho dominguez,0
03-28,city/community,unincorporated - rowland heights,1
03-29,city/community,unincorporated - rowland heights,3
03-30,city/community,unincorporated - rowland heights,3
03-28,city/community,unincorporated - san jose hills,0
03-29,city/community,unincorporated - san jose hills,0
03-30,city/community,unincorporated - san jose hills,0
03-28,city/community,unincorporated - san pasqual,0
03-29,city/community,unincorporated - san pasqual,0
03-30,city/community,unincorporated - san pasqual,0
03-28,city/community,unincorporated - sand canyon,0
03-29,city/community,unincorporated - sand canyon,0
03-30,city/community,unincorporated - sand canyon,0
03-28,city/community,unincorporated - santa catalina island,0
03-29,city/community,unincorporated - santa catalina island,0
03-30,city/community,unincorporated - santa catalina island,0
03-28,city/community,unincorporated - santa monica mountains,0
03-29,city/community,unincorporated - santa monica mountains,0
03-30,city/community,unincorporated - santa monica mountains,0
03-28,city/community,unincorporated - saugus,0
03-29,city/community,unincorporated - saugus,0
03-30,city/community,unincorporated - saugus,0
03-28,city/community,unincorporated - saugus/canyon country,0
03-29,city/community,unincorporated - saugus/canyon country,0
03-30,city/community,unincorporated - saugus/canyon country,0
03-28,city/community,unincorporated - south antelope valley,0
03-29,city/community,unincorporated - south antelope valley,0
03-30,city/community,unincorporated - south antelope valley,0
03-28,city/community,unincorporated - south el monte,0
03-29,city/community,unincorporated - south el monte,0
03-30,city/community,unincorporated - south el monte,0
03-28,city/community,unincorporated - south san gabriel,0
03-29,city/community,unincorporated - south san gabriel,0
03-30,city/community,unincorporated - south san gabriel,0
03-28,city/community,unincorporated - south whittier,5
03-29,city/community,unincorporated - south whittier,5
03-30,city/community,unincorporated - south whittier,5
03-28,city/community,unincorporated - southeast antelope valley,0
03-29,city/community,unincorporated - southeast antelope valley,0
03-30,city/community,unincorporated - southeast antelope valley,0
03-28,city/community,unincorporated - stevenson ranch,0
03-29,city/community,unincorporated - stevenson ranch,0
03-30,city/community,unincorporated - stevenson ranch,0
03-28,city/community,unincorporated - sun village,0
03-29,city/community,unincorporated - sun village,0
03-30,city/community,unincorporated - sun village,0
03-28,city/community,unincorporated - sunrise village,0
03-29,city/community,unincorporated - sunrise village,0
03-30,city/community,unincorporated - sunrise village,0
03-28,city/community,unincorporated - twin lakes/oat mountain,0
03-29,city/community,unincorporated - twin lakes/oat mountain,0
03-30,city/community,unincorporated - twin lakes/oat mountain,0
03-28,city/community,unincorporated - val verde,0
03-29,city/community,unincorporated - val verde,0
03-30,city/community,unincorporated - val verde,0
03-28,city/community,unincorporated - valencia,0
03-29,city/community,unincorporated - valencia,0
03-30,city/community,unincorporated - valencia,0
03-28,city/community,unincorporated - valinda,0
03-29,city/community,unincorporated - valinda,0
03-30,city/community,unincorporated - valinda,0
03-28,city/community,unincorporated - view park/windsor hills,0
03-29,city/community,unincorporated - view park/windsor hills,0
03-30,city/community,unincorporated - view park/windsor hills,0
03-28,city/community,unincorporated - walnut park,0
03-29,city/community,unincorporated - walnut park,0
03-30,city/community,unincorporated - walnut park,0
03-28,city/community,unincorporated - west antelope valley,0
03-29,city/community,unincorporated - west antelope valley,0
03-30,city/community,unincorporated - west antelope valley,0
03-28,city/community,unincorporated - west carson,6
03-29,city/community,unincorporated - west carson,7
03-30,city/community,unincorporated - west carson,8
03-28,city/community,unincorporated - west la,0
03-29,city/community,unincorporated - west la,0
03-30,city/community,unincorporated - west la,0
03-28,city/community,unincorporated - west puente valley,0
03-29,city/community,unincorporated - west puente valley,0
03-30,city/community,unincorporated - west puente valley,0
03-28,city/community,unincorporated - west rancho dominguez,0
03-29,city/community,unincorporated - west rancho dominguez,0
03-30,city/community,unincorporated - west rancho dominguez,0
03-28,city/community,unincorporated - west whittier/los nietos,0
03-29,city/community,unincorporated - west whittier/los nietos,0
03-30,city/community,unincorporated - west whittier/los nietos,0
03-28,city/community,unincorporated - westfield/academy hills,0
03-29,city/community,unincorporated - westfield/academy hills,0
03-30,city/community,unincorporated - westfield/academy hills,0
03-28,city/community,unincorporated - westhills,0
03-29,city/community,unincorporated - westhills,0
03-30,city/community,unincorporated - westhills,0
03-28,city/community,unincorporated - white fence farms,0
03-29,city/community,unincorporated - white fence farms,0
03-30,city/community,unincorporated - white fence farms,0
03-28,city/community,unincorporated - whittier,0
03-29,city/community,unincorporated - whittier,0
03-30,city/community,unincorporated - whittier,0
03-28,city/community,unincorporated - willowbrook,1
03-29,city/community,unincorporated - willowbrook,1
03-30,city/community,unincorporated - willowbrook,2
03-28,city/community,unincorporated - wiseburn,0
03-29,city/community,unincorporated - wiseburn,0
03-30,city/community,unincorporated - wiseburn,0
03-28,deaths,long beach,1
03-29,deaths,long beach,1
03-30,deaths,long beach,1
03-28,deaths,los angeles county (excl.lbandpas),31
03-29,deaths,los angeles county (excl.lbandpas),36
03-30,deaths,los angeles county (excl.lbandpas),43
03-28,deaths,pasadena,0
03-29,deaths,pasadena,0
03-30,deaths,pasadena,0
03-28,hospitalization,hospitalized (ever),398
03-29,hospitalization,hospitalized (ever),453
03-30,hospitalization,hospitalized (ever),492
03-28,laboratory confirmed cases,long beach,75
03-29,laboratory confirmed cases,long beach,88
03-30,laboratory confirmed cases,long beach,99
03-28,laboratory confirmed cases,los angeles county (excl.lbandpas),1720
03-29,laboratory confirmed cases,los angeles county (excl.lbandpas),2038
03-30,laboratory confirmed cases,los angeles county (excl.lbandpas),2365
03-28,laboratory confirmed cases,pasadena,9
03-29,laboratory confirmed cases,pasadena,10
03-30,laboratory confirmed cases,pasadena,10
03-28,under investigation,under investigation,154
03-29,under investigation,under investigation,184
03-30,under investigation,under investigation,222
